ds,y,case
2015-11-15,0,keto cranberry sauce: (United States)
2015-11-22,5,keto cranberry sauce: (United States)
2015-11-29,0,keto cranberry sauce: (United States)
2015-12-06,0,keto cranberry sauce: (United States)
2015-12-13,0,keto cranberry sauce: (United States)
2015-12-20,0,keto cranberry sauce: (United States)
2015-12-27,0,keto cranberry sauce: (United States)
2016-01-03,0,keto cranberry sauce: (United States)
2016-01-10,0,keto cranberry sauce: (United States)
2016-01-17,0,keto cranberry sauce: (United States)
2016-01-24,0,keto cranberry sauce: (United States)
2016-01-31,0,keto cranberry sauce: (United States)
2016-02-07,0,keto cranberry sauce: (United States)
2016-02-14,0,keto cranberry sauce: (United States)
2016-02-21,0,keto cranberry sauce: (United States)
2016-02-28,0,keto cranberry sauce: (United States)
2016-03-06,0,keto cranberry sauce: (United States)
2016-03-13,0,keto cranberry sauce: (United States)
2016-03-20,0,keto cranberry sauce: (United States)
2016-03-27,0,keto cranberry sauce: (United States)
2016-04-03,0,keto cranberry sauce: (United States)
2016-04-10,0,keto cranberry sauce: (United States)
2016-04-17,0,keto cranberry sauce: (United States)
2016-04-24,0,keto cranberry sauce: (United States)
2016-05-01,0,keto cranberry sauce: (United States)
2016-05-08,0,keto cranberry sauce: (United States)
2016-05-15,0,keto cranberry sauce: (United States)
2016-05-22,0,keto cranberry sauce: (United States)
2016-05-29,0,keto cranberry sauce: (United States)
2016-06-05,0,keto cranberry sauce: (United States)
2016-06-12,0,keto cranberry sauce: (United States)
2016-06-19,0,keto cranberry sauce: (United States)
2016-06-26,0,keto cranberry sauce: (United States)
2016-07-03,0,keto cranberry sauce: (United States)
2016-07-10,0,keto cranberry sauce: (United States)
2016-07-17,0,keto cranberry sauce: (United States)
2016-07-24,0,keto cranberry sauce: (United States)
2016-07-31,0,keto cranberry sauce: (United States)
2016-08-07,0,keto cranberry sauce: (United States)
2016-08-14,0,keto cranberry sauce: (United States)
2016-08-21,0,keto cranberry sauce: (United States)
2016-08-28,0,keto cranberry sauce: (United States)
2016-09-04,0,keto cranberry sauce: (United States)
2016-09-11,0,keto cranberry sauce: (United States)
2016-09-18,0,keto cranberry sauce: (United States)
2016-09-25,0,keto cranberry sauce: (United States)
2016-10-02,0,keto cranberry sauce: (United States)
2016-10-09,0,keto cranberry sauce: (United States)
2016-10-16,0,keto cranberry sauce: (United States)
2016-10-23,4,keto cranberry sauce: (United States)
2016-10-30,0,keto cranberry sauce: (United States)
2016-11-06,3,keto cranberry sauce: (United States)
2016-11-13,0,keto cranberry sauce: (United States)
2016-11-20,6,keto cranberry sauce: (United States)
2016-11-27,0,keto cranberry sauce: (United States)
2016-12-04,0,keto cranberry sauce: (United States)
2016-12-11,0,keto cranberry sauce: (United States)
2016-12-18,4,keto cranberry sauce: (United States)
2016-12-25,0,keto cranberry sauce: (United States)
2017-01-01,0,keto cranberry sauce: (United States)
2017-01-08,0,keto cranberry sauce: (United States)
2017-01-15,0,keto cranberry sauce: (United States)
2017-01-22,0,keto cranberry sauce: (United States)
2017-01-29,0,keto cranberry sauce: (United States)
2017-02-05,0,keto cranberry sauce: (United States)
2017-02-12,0,keto cranberry sauce: (United States)
2017-02-19,0,keto cranberry sauce: (United States)
2017-02-26,0,keto cranberry sauce: (United States)
2017-03-05,0,keto cranberry sauce: (United States)
2017-03-12,0,keto cranberry sauce: (United States)
2017-03-19,0,keto cranberry sauce: (United States)
2017-03-26,0,keto cranberry sauce: (United States)
2017-04-02,0,keto cranberry sauce: (United States)
2017-04-09,0,keto cranberry sauce: (United States)
2017-04-16,0,keto cranberry sauce: (United States)
2017-04-23,0,keto cranberry sauce: (United States)
2017-04-30,0,keto cranberry sauce: (United States)
2017-05-07,0,keto cranberry sauce: (United States)
2017-05-14,0,keto cranberry sauce: (United States)
2017-05-21,0,keto cranberry sauce: (United States)
2017-05-28,0,keto cranberry sauce: (United States)
2017-06-04,0,keto cranberry sauce: (United States)
2017-06-11,0,keto cranberry sauce: (United States)
2017-06-18,0,keto cranberry sauce: (United States)
2017-06-25,0,keto cranberry sauce: (United States)
2017-07-02,0,keto cranberry sauce: (United States)
2017-07-09,0,keto cranberry sauce: (United States)
2017-07-16,0,keto cranberry sauce: (United States)
2017-07-23,0,keto cranberry sauce: (United States)
2017-07-30,0,keto cranberry sauce: (United States)
2017-08-06,0,keto cranberry sauce: (United States)
2017-08-13,0,keto cranberry sauce: (United States)
2017-08-20,0,keto cranberry sauce: (United States)
2017-08-27,3,keto cranberry sauce: (United States)
2017-09-03,0,keto cranberry sauce: (United States)
2017-09-10,0,keto cranberry sauce: (United States)
2017-09-17,0,keto cranberry sauce: (United States)
2017-09-24,0,keto cranberry sauce: (United States)
2017-10-01,3,keto cranberry sauce: (United States)
2017-10-08,0,keto cranberry sauce: (United States)
2017-10-15,3,keto cranberry sauce: (United States)
2017-10-22,0,keto cranberry sauce: (United States)
2017-10-29,0,keto cranberry sauce: (United States)
2017-11-05,3,keto cranberry sauce: (United States)
2017-11-12,5,keto cranberry sauce: (United States)
2017-11-19,23,keto cranberry sauce: (United States)
2017-11-26,0,keto cranberry sauce: (United States)
2017-12-03,6,keto cranberry sauce: (United States)
2017-12-10,0,keto cranberry sauce: (United States)
2017-12-17,4,keto cranberry sauce: (United States)
2017-12-24,11,keto cranberry sauce: (United States)
2017-12-31,0,keto cranberry sauce: (United States)
2018-01-07,0,keto cranberry sauce: (United States)
2018-01-14,0,keto cranberry sauce: (United States)
2018-01-21,3,keto cranberry sauce: (United States)
2018-01-28,0,keto cranberry sauce: (United States)
2018-02-04,0,keto cranberry sauce: (United States)
2018-02-11,0,keto cranberry sauce: (United States)
2018-02-18,0,keto cranberry sauce: (United States)
2018-02-25,0,keto cranberry sauce: (United States)
2018-03-04,0,keto cranberry sauce: (United States)
2018-03-11,0,keto cranberry sauce: (United States)
2018-03-18,0,keto cranberry sauce: (United States)
2018-03-25,0,keto cranberry sauce: (United States)
2018-04-01,0,keto cranberry sauce: (United States)
2018-04-08,3,keto cranberry sauce: (United States)
2018-04-15,0,keto cranberry sauce: (United States)
2018-04-22,0,keto cranberry sauce: (United States)
2018-04-29,0,keto cranberry sauce: (United States)
2018-05-06,0,keto cranberry sauce: (United States)
2018-05-13,0,keto cranberry sauce: (United States)
2018-05-20,0,keto cranberry sauce: (United States)
2018-05-27,0,keto cranberry sauce: (United States)
2018-06-03,0,keto cranberry sauce: (United States)
2018-06-10,0,keto cranberry sauce: (United States)
2018-06-17,0,keto cranberry sauce: (United States)
2018-06-24,0,keto cranberry sauce: (United States)
2018-07-01,0,keto cranberry sauce: (United States)
2018-07-08,0,keto cranberry sauce: (United States)
2018-07-15,3,keto cranberry sauce: (United States)
2018-07-22,0,keto cranberry sauce: (United States)
2018-07-29,3,keto cranberry sauce: (United States)
2018-08-05,0,keto cranberry sauce: (United States)
2018-08-12,0,keto cranberry sauce: (United States)
2018-08-19,7,keto cranberry sauce: (United States)
2018-08-26,0,keto cranberry sauce: (United States)
2018-09-02,0,keto cranberry sauce: (United States)
2018-09-09,0,keto cranberry sauce: (United States)
2018-09-16,0,keto cranberry sauce: (United States)
2018-09-23,3,keto cranberry sauce: (United States)
2018-09-30,0,keto cranberry sauce: (United States)
2018-10-07,3,keto cranberry sauce: (United States)
2018-10-14,0,keto cranberry sauce: (United States)
2018-10-21,3,keto cranberry sauce: (United States)
2018-10-28,3,keto cranberry sauce: (United States)
2018-11-04,11,keto cranberry sauce: (United States)
2018-11-11,25,keto cranberry sauce: (United States)
2018-11-18,57,keto cranberry sauce: (United States)
2018-11-25,3,keto cranberry sauce: (United States)
2018-12-02,7,keto cranberry sauce: (United States)
2018-12-09,3,keto cranberry sauce: (United States)
2018-12-16,3,keto cranberry sauce: (United States)
2018-12-23,4,keto cranberry sauce: (United States)
2018-12-30,3,keto cranberry sauce: (United States)
2019-01-06,0,keto cranberry sauce: (United States)
2019-01-13,0,keto cranberry sauce: (United States)
2019-01-20,0,keto cranberry sauce: (United States)
2019-01-27,0,keto cranberry sauce: (United States)
2019-02-03,0,keto cranberry sauce: (United States)
2019-02-10,0,keto cranberry sauce: (United States)
2019-02-17,0,keto cranberry sauce: (United States)
2019-02-24,0,keto cranberry sauce: (United States)
2019-03-03,0,keto cranberry sauce: (United States)
2019-03-10,3,keto cranberry sauce: (United States)
2019-03-17,0,keto cranberry sauce: (United States)
2019-03-24,0,keto cranberry sauce: (United States)
2019-03-31,0,keto cranberry sauce: (United States)
2019-04-07,0,keto cranberry sauce: (United States)
2019-04-14,3,keto cranberry sauce: (United States)
2019-04-21,0,keto cranberry sauce: (United States)
2019-04-28,3,keto cranberry sauce: (United States)
2019-05-05,0,keto cranberry sauce: (United States)
2019-05-12,0,keto cranberry sauce: (United States)
2019-05-19,0,keto cranberry sauce: (United States)
2019-05-26,0,keto cranberry sauce: (United States)
2019-06-02,0,keto cranberry sauce: (United States)
2019-06-09,0,keto cranberry sauce: (United States)
2019-06-16,0,keto cranberry sauce: (United States)
2019-06-23,0,keto cranberry sauce: (United States)
2019-06-30,0,keto cranberry sauce: (United States)
2019-07-07,0,keto cranberry sauce: (United States)
2019-07-14,3,keto cranberry sauce: (United States)
2019-07-21,0,keto cranberry sauce: (United States)
2019-07-28,0,keto cranberry sauce: (United States)
2019-08-04,3,keto cranberry sauce: (United States)
2019-08-11,0,keto cranberry sauce: (United States)
2019-08-18,0,keto cranberry sauce: (United States)
2019-08-25,0,keto cranberry sauce: (United States)
2019-09-01,3,keto cranberry sauce: (United States)
2019-09-08,0,keto cranberry sauce: (United States)
2019-09-15,3,keto cranberry sauce: (United States)
2019-09-22,0,keto cranberry sauce: (United States)
2019-09-29,0,keto cranberry sauce: (United States)
2019-10-06,3,keto cranberry sauce: (United States)
2019-10-13,3,keto cranberry sauce: (United States)
2019-10-20,0,keto cranberry sauce: (United States)
2019-10-27,8,keto cranberry sauce: (United States)
2019-11-03,10,keto cranberry sauce: (United States)
2019-11-10,9,keto cranberry sauce: (United States)
2019-11-17,28,keto cranberry sauce: (United States)
2019-11-24,100,keto cranberry sauce: (United States)
2019-12-01,4,keto cranberry sauce: (United States)
2019-12-08,6,keto cranberry sauce: (United States)
2019-12-15,3,keto cranberry sauce: (United States)
2019-12-22,7,keto cranberry sauce: (United States)
2019-12-29,3,keto cranberry sauce: (United States)
2020-01-05,3,keto cranberry sauce: (United States)
2020-01-12,0,keto cranberry sauce: (United States)
2020-01-19,3,keto cranberry sauce: (United States)
2020-01-26,0,keto cranberry sauce: (United States)
2020-02-02,3,keto cranberry sauce: (United States)
2020-02-09,0,keto cranberry sauce: (United States)
2020-02-16,0,keto cranberry sauce: (United States)
2020-02-23,0,keto cranberry sauce: (United States)
2020-03-01,3,keto cranberry sauce: (United States)
2020-03-08,0,keto cranberry sauce: (United States)
2020-03-15,0,keto cranberry sauce: (United States)
2020-03-22,0,keto cranberry sauce: (United States)
2020-03-29,0,keto cranberry sauce: (United States)
2020-04-05,3,keto cranberry sauce: (United States)
2020-04-12,0,keto cranberry sauce: (United States)
2020-04-19,0,keto cranberry sauce: (United States)
2020-04-26,0,keto cranberry sauce: (United States)
2020-05-03,0,keto cranberry sauce: (United States)
2020-05-10,0,keto cranberry sauce: (United States)
2020-05-17,3,keto cranberry sauce: (United States)
2020-05-24,0,keto cranberry sauce: (United States)
2020-05-31,0,keto cranberry sauce: (United States)
2020-06-07,0,keto cranberry sauce: (United States)
2020-06-14,0,keto cranberry sauce: (United States)
2020-06-21,0,keto cranberry sauce: (United States)
2020-06-28,0,keto cranberry sauce: (United States)
2020-07-05,0,keto cranberry sauce: (United States)
2020-07-12,3,keto cranberry sauce: (United States)
2020-07-19,3,keto cranberry sauce: (United States)
2020-07-26,0,keto cranberry sauce: (United States)
2020-08-02,3,keto cranberry sauce: (United States)
2020-08-09,3,keto cranberry sauce: (United States)
2020-08-16,0,keto cranberry sauce: (United States)
2020-08-23,0,keto cranberry sauce: (United States)
2020-08-30,0,keto cranberry sauce: (United States)
2020-09-06,0,keto cranberry sauce: (United States)
2020-09-13,0,keto cranberry sauce: (United States)
2020-09-20,0,keto cranberry sauce: (United States)
2020-09-27,3,keto cranberry sauce: (United States)
2020-10-04,7,keto cranberry sauce: (United States)
2020-10-11,5,keto cranberry sauce: (United States)
2020-10-18,5,keto cranberry sauce: (United States)
2020-10-25,6,keto cranberry sauce: (United States)
2020-11-01,7,keto cranberry sauce: (United States)
2015-11-15,9,paleo cranberry sauce: (United States)
2015-11-22,46,paleo cranberry sauce: (United States)
2015-11-29,13,paleo cranberry sauce: (United States)
2015-12-06,4,paleo cranberry sauce: (United States)
2015-12-13,0,paleo cranberry sauce: (United States)
2015-12-20,13,paleo cranberry sauce: (United States)
2015-12-27,0,paleo cranberry sauce: (United States)
2016-01-03,4,paleo cranberry sauce: (United States)
2016-01-10,0,paleo cranberry sauce: (United States)
2016-01-17,0,paleo cranberry sauce: (United States)
2016-01-24,4,paleo cranberry sauce: (United States)
2016-01-31,0,paleo cranberry sauce: (United States)
2016-02-07,0,paleo cranberry sauce: (United States)
2016-02-14,0,paleo cranberry sauce: (United States)
2016-02-21,0,paleo cranberry sauce: (United States)
2016-02-28,0,paleo cranberry sauce: (United States)
2016-03-06,4,paleo cranberry sauce: (United States)
2016-03-13,0,paleo cranberry sauce: (United States)
2016-03-20,0,paleo cranberry sauce: (United States)
2016-03-27,0,paleo cranberry sauce: (United States)
2016-04-03,0,paleo cranberry sauce: (United States)
2016-04-10,0,paleo cranberry sauce: (United States)
2016-04-17,4,paleo cranberry sauce: (United States)
2016-04-24,0,paleo cranberry sauce: (United States)
2016-05-01,0,paleo cranberry sauce: (United States)
2016-05-08,0,paleo cranberry sauce: (United States)
2016-05-15,0,paleo cranberry sauce: (United States)
2016-05-22,0,paleo cranberry sauce: (United States)
2016-05-29,0,paleo cranberry sauce: (United States)
2016-06-05,0,paleo cranberry sauce: (United States)
2016-06-12,0,paleo cranberry sauce: (United States)
2016-06-19,0,paleo cranberry sauce: (United States)
2016-06-26,0,paleo cranberry sauce: (United States)
2016-07-03,0,paleo cranberry sauce: (United States)
2016-07-10,0,paleo cranberry sauce: (United States)
2016-07-17,0,paleo cranberry sauce: (United States)
2016-07-24,0,paleo cranberry sauce: (United States)
2016-07-31,0,paleo cranberry sauce: (United States)
2016-08-07,0,paleo cranberry sauce: (United States)
2016-08-14,0,paleo cranberry sauce: (United States)
2016-08-21,0,paleo cranberry sauce: (United States)
2016-08-28,0,paleo cranberry sauce: (United States)
2016-09-04,0,paleo cranberry sauce: (United States)
2016-09-11,0,paleo cranberry sauce: (United States)
2016-09-18,0,paleo cranberry sauce: (United States)
2016-09-25,0,paleo cranberry sauce: (United States)
2016-10-02,4,paleo cranberry sauce: (United States)
2016-10-09,0,paleo cranberry sauce: (United States)
2016-10-16,0,paleo cranberry sauce: (United States)
2016-10-23,4,paleo cranberry sauce: (United States)
2016-10-30,7,paleo cranberry sauce: (United States)
2016-11-06,0,paleo cranberry sauce: (United States)
2016-11-13,5,paleo cranberry sauce: (United States)
2016-11-20,49,paleo cranberry sauce: (United States)
2016-11-27,7,paleo cranberry sauce: (United States)
2016-12-04,0,paleo cranberry sauce: (United States)
2016-12-11,3,paleo cranberry sauce: (United States)
2016-12-18,6,paleo cranberry sauce: (United States)
2016-12-25,0,paleo cranberry sauce: (United States)
2017-01-01,0,paleo cranberry sauce: (United States)
2017-01-08,0,paleo cranberry sauce: (United States)
2017-01-15,3,paleo cranberry sauce: (United States)
2017-01-22,0,paleo cranberry sauce: (United States)
2017-01-29,3,paleo cranberry sauce: (United States)
2017-02-05,0,paleo cranberry sauce: (United States)
2017-02-12,0,paleo cranberry sauce: (United States)
2017-02-19,0,paleo cranberry sauce: (United States)
2017-02-26,0,paleo cranberry sauce: (United States)
2017-03-05,0,paleo cranberry sauce: (United States)
2017-03-12,0,paleo cranberry sauce: (United States)
2017-03-19,0,paleo cranberry sauce: (United States)
2017-03-26,0,paleo cranberry sauce: (United States)
2017-04-02,0,paleo cranberry sauce: (United States)
2017-04-09,0,paleo cranberry sauce: (United States)
2017-04-16,0,paleo cranberry sauce: (United States)
2017-04-23,0,paleo cranberry sauce: (United States)
2017-04-30,0,paleo cranberry sauce: (United States)
2017-05-07,0,paleo cranberry sauce: (United States)
2017-05-14,0,paleo cranberry sauce: (United States)
2017-05-21,0,paleo cranberry sauce: (United States)
2017-05-28,0,paleo cranberry sauce: (United States)
2017-06-04,0,paleo cranberry sauce: (United States)
2017-06-11,0,paleo cranberry sauce: (United States)
2017-06-18,0,paleo cranberry sauce: (United States)
2017-06-25,0,paleo cranberry sauce: (United States)
2017-07-02,0,paleo cranberry sauce: (United States)
2017-07-09,0,paleo cranberry sauce: (United States)
2017-07-16,0,paleo cranberry sauce: (United States)
2017-07-23,0,paleo cranberry sauce: (United States)
2017-07-30,0,paleo cranberry sauce: (United States)
2017-08-06,0,paleo cranberry sauce: (United States)
2017-08-13,4,paleo cranberry sauce: (United States)
2017-08-20,0,paleo cranberry sauce: (United States)
2017-08-27,0,paleo cranberry sauce: (United States)
2017-09-03,0,paleo cranberry sauce: (United States)
2017-09-10,0,paleo cranberry sauce: (United States)
2017-09-17,0,paleo cranberry sauce: (United States)
2017-09-24,3,paleo cranberry sauce: (United States)
2017-10-01,3,paleo cranberry sauce: (United States)
2017-10-08,0,paleo cranberry sauce: (United States)
2017-10-15,3,paleo cranberry sauce: (United States)
2017-10-22,3,paleo cranberry sauce: (United States)
2017-10-29,7,paleo cranberry sauce: (United States)
2017-11-05,8,paleo cranberry sauce: (United States)
2017-11-12,21,paleo cranberry sauce: (United States)
2017-11-19,61,paleo cranberry sauce: (United States)
2017-11-26,3,paleo cranberry sauce: (United States)
2017-12-03,3,paleo cranberry sauce: (United States)
2017-12-10,3,paleo cranberry sauce: (United States)
2017-12-17,5,paleo cranberry sauce: (United States)
2017-12-24,4,paleo cranberry sauce: (United States)
2017-12-31,0,paleo cranberry sauce: (United States)
2018-01-07,3,paleo cranberry sauce: (United States)
2018-01-14,3,paleo cranberry sauce: (United States)
2018-01-21,0,paleo cranberry sauce: (United States)
2018-01-28,0,paleo cranberry sauce: (United States)
2018-02-04,0,paleo cranberry sauce: (United States)
2018-02-11,0,paleo cranberry sauce: (United States)
2018-02-18,0,paleo cranberry sauce: (United States)
2018-02-25,0,paleo cranberry sauce: (United States)
2018-03-04,0,paleo cranberry sauce: (United States)
2018-03-11,0,paleo cranberry sauce: (United States)
2018-03-18,0,paleo cranberry sauce: (United States)
2018-03-25,3,paleo cranberry sauce: (United States)
2018-04-01,0,paleo cranberry sauce: (United States)
2018-04-08,0,paleo cranberry sauce: (United States)
2018-04-15,0,paleo cranberry sauce: (United States)
2018-04-22,0,paleo cranberry sauce: (United States)
2018-04-29,0,paleo cranberry sauce: (United States)
2018-05-06,0,paleo cranberry sauce: (United States)
2018-05-13,3,paleo cranberry sauce: (United States)
2018-05-20,0,paleo cranberry sauce: (United States)
2018-05-27,3,paleo cranberry sauce: (United States)
2018-06-03,3,paleo cranberry sauce: (United States)
2018-06-10,0,paleo cranberry sauce: (United States)
2018-06-17,0,paleo cranberry sauce: (United States)
2018-06-24,0,paleo cranberry sauce: (United States)
2018-07-01,0,paleo cranberry sauce: (United States)
2018-07-08,0,paleo cranberry sauce: (United States)
2018-07-15,0,paleo cranberry sauce: (United States)
2018-07-22,0,paleo cranberry sauce: (United States)
2018-07-29,0,paleo cranberry sauce: (United States)
2018-08-05,0,paleo cranberry sauce: (United States)
2018-08-12,0,paleo cranberry sauce: (United States)
2018-08-19,0,paleo cranberry sauce: (United States)
2018-08-26,3,paleo cranberry sauce: (United States)
2018-09-02,0,paleo cranberry sauce: (United States)
2018-09-09,0,paleo cranberry sauce: (United States)
2018-09-16,0,paleo cranberry sauce: (United States)
2018-09-23,0,paleo cranberry sauce: (United States)
2018-09-30,0,paleo cranberry sauce: (United States)
2018-10-07,0,paleo cranberry sauce: (United States)
2018-10-14,3,paleo cranberry sauce: (United States)
2018-10-21,0,paleo cranberry sauce: (United States)
2018-10-28,3,paleo cranberry sauce: (United States)
2018-11-04,0,paleo cranberry sauce: (United States)
2018-11-11,10,paleo cranberry sauce: (United States)
2018-11-18,45,paleo cranberry sauce: (United States)
2018-11-25,3,paleo cranberry sauce: (United States)
2018-12-02,3,paleo cranberry sauce: (United States)
2018-12-09,3,paleo cranberry sauce: (United States)
2018-12-16,7,paleo cranberry sauce: (United States)
2018-12-23,0,paleo cranberry sauce: (United States)
2018-12-30,0,paleo cranberry sauce: (United States)
2019-01-06,0,paleo cranberry sauce: (United States)
2019-01-13,3,paleo cranberry sauce: (United States)
2019-01-20,0,paleo cranberry sauce: (United States)
2019-01-27,0,paleo cranberry sauce: (United States)
2019-02-03,3,paleo cranberry sauce: (United States)
2019-02-10,0,paleo cranberry sauce: (United States)
2019-02-17,0,paleo cranberry sauce: (United States)
2019-02-24,0,paleo cranberry sauce: (United States)
2019-03-03,0,paleo cranberry sauce: (United States)
2019-03-10,0,paleo cranberry sauce: (United States)
2019-03-17,0,paleo cranberry sauce: (United States)
2019-03-24,3,paleo cranberry sauce: (United States)
2019-03-31,0,paleo cranberry sauce: (United States)
2019-04-07,3,paleo cranberry sauce: (United States)
2019-04-14,0,paleo cranberry sauce: (United States)
2019-04-21,0,paleo cranberry sauce: (United States)
2019-04-28,0,paleo cranberry sauce: (United States)
2019-05-05,0,paleo cranberry sauce: (United States)
2019-05-12,0,paleo cranberry sauce: (United States)
2019-05-19,0,paleo cranberry sauce: (United States)
2019-05-26,0,paleo cranberry sauce: (United States)
2019-06-02,0,paleo cranberry sauce: (United States)
2019-06-09,0,paleo cranberry sauce: (United States)
2019-06-16,0,paleo cranberry sauce: (United States)
2019-06-23,0,paleo cranberry sauce: (United States)
2019-06-30,0,paleo cranberry sauce: (United States)
2019-07-07,0,paleo cranberry sauce: (United States)
2019-07-14,0,paleo cranberry sauce: (United States)
2019-07-21,0,paleo cranberry sauce: (United States)
2019-07-28,0,paleo cranberry sauce: (United States)
2019-08-04,0,paleo cranberry sauce: (United States)
2019-08-11,0,paleo cranberry sauce: (United States)
2019-08-18,0,paleo cranberry sauce: (United States)
2019-08-25,0,paleo cranberry sauce: (United States)
2019-09-01,3,paleo cranberry sauce: (United States)
2019-09-08,0,paleo cranberry sauce: (United States)
2019-09-15,0,paleo cranberry sauce: (United States)
2019-09-22,0,paleo cranberry sauce: (United States)
2019-09-29,0,paleo cranberry sauce: (United States)
2019-10-06,3,paleo cranberry sauce: (United States)
2019-10-13,0,paleo cranberry sauce: (United States)
2019-10-20,0,paleo cranberry sauce: (United States)
2019-10-27,0,paleo cranberry sauce: (United States)
2019-11-03,3,paleo cranberry sauce: (United States)
2019-11-10,3,paleo cranberry sauce: (United States)
2019-11-17,12,paleo cranberry sauce: (United States)
2019-11-24,28,paleo cranberry sauce: (United States)
2019-12-01,6,paleo cranberry sauce: (United States)
2019-12-08,0,paleo cranberry sauce: (United States)
2019-12-15,3,paleo cranberry sauce: (United States)
2019-12-22,0,paleo cranberry sauce: (United States)
2019-12-29,0,paleo cranberry sauce: (United States)
2020-01-05,3,paleo cranberry sauce: (United States)
2020-01-12,0,paleo cranberry sauce: (United States)
2020-01-19,0,paleo cranberry sauce: (United States)
2020-01-26,0,paleo cranberry sauce: (United States)
2020-02-02,0,paleo cranberry sauce: (United States)
2020-02-09,0,paleo cranberry sauce: (United States)
2020-02-16,0,paleo cranberry sauce: (United States)
2020-02-23,0,paleo cranberry sauce: (United States)
2020-03-01,0,paleo cranberry sauce: (United States)
2020-03-08,0,paleo cranberry sauce: (United States)
2020-03-15,0,paleo cranberry sauce: (United States)
2020-03-22,0,paleo cranberry sauce: (United States)
2020-03-29,0,paleo cranberry sauce: (United States)
2020-04-05,0,paleo cranberry sauce: (United States)
2020-04-12,0,paleo cranberry sauce: (United States)
2020-04-19,2,paleo cranberry sauce: (United States)
2020-04-26,0,paleo cranberry sauce: (United States)
2020-05-03,0,paleo cranberry sauce: (United States)
2020-05-10,0,paleo cranberry sauce: (United States)
2020-05-17,3,paleo cranberry sauce: (United States)
2020-05-24,0,paleo cranberry sauce: (United States)
2020-05-31,0,paleo cranberry sauce: (United States)
2020-06-07,0,paleo cranberry sauce: (United States)
2020-06-14,0,paleo cranberry sauce: (United States)
2020-06-21,0,paleo cranberry sauce: (United States)
2020-06-28,0,paleo cranberry sauce: (United States)
2020-07-05,0,paleo cranberry sauce: (United States)
2020-07-12,0,paleo cranberry sauce: (United States)
2020-07-19,0,paleo cranberry sauce: (United States)
2020-07-26,0,paleo cranberry sauce: (United States)
2020-08-02,0,paleo cranberry sauce: (United States)
2020-08-09,0,paleo cranberry sauce: (United States)
2020-08-16,0,paleo cranberry sauce: (United States)
2020-08-23,0,paleo cranberry sauce: (United States)
2020-08-30,0,paleo cranberry sauce: (United States)
2020-09-06,0,paleo cranberry sauce: (United States)
2020-09-13,0,paleo cranberry sauce: (United States)
2020-09-20,0,paleo cranberry sauce: (United States)
2020-09-27,0,paleo cranberry sauce: (United States)
2020-10-04,0,paleo cranberry sauce: (United States)
2020-10-11,0,paleo cranberry sauce: (United States)
2020-10-18,0,paleo cranberry sauce: (United States)
2020-10-25,0,paleo cranberry sauce: (United States)
2020-11-01,0,paleo cranberry sauce: (United States)
2015-11-15,31,healthy cranberry sauce: (United States)
2015-11-22,41,healthy cranberry sauce: (United States)
2015-11-29,8,healthy cranberry sauce: (United States)
2015-12-06,9,healthy cranberry sauce: (United States)
2015-12-13,13,healthy cranberry sauce: (United States)
2015-12-20,10,healthy cranberry sauce: (United States)
2015-12-27,0,healthy cranberry sauce: (United States)
2016-01-03,4,healthy cranberry sauce: (United States)
2016-01-10,4,healthy cranberry sauce: (United States)
2016-01-17,7,healthy cranberry sauce: (United States)
2016-01-24,0,healthy cranberry sauce: (United States)
2016-01-31,4,healthy cranberry sauce: (United States)
2016-02-07,4,healthy cranberry sauce: (United States)
2016-02-14,0,healthy cranberry sauce: (United States)
2016-02-21,4,healthy cranberry sauce: (United States)
2016-02-28,0,healthy cranberry sauce: (United States)
2016-03-06,0,healthy cranberry sauce: (United States)
2016-03-13,0,healthy cranberry sauce: (United States)
2016-03-20,0,healthy cranberry sauce: (United States)
2016-03-27,0,healthy cranberry sauce: (United States)
2016-04-03,0,healthy cranberry sauce: (United States)
2016-04-10,4,healthy cranberry sauce: (United States)
2016-04-17,0,healthy cranberry sauce: (United States)
2016-04-24,0,healthy cranberry sauce: (United States)
2016-05-01,0,healthy cranberry sauce: (United States)
2016-05-08,0,healthy cranberry sauce: (United States)
2016-05-15,0,healthy cranberry sauce: (United States)
2016-05-22,4,healthy cranberry sauce: (United States)
2016-05-29,0,healthy cranberry sauce: (United States)
2016-06-05,4,healthy cranberry sauce: (United States)
2016-06-12,0,healthy cranberry sauce: (United States)
2016-06-19,0,healthy cranberry sauce: (United States)
2016-06-26,0,healthy cranberry sauce: (United States)
2016-07-03,0,healthy cranberry sauce: (United States)
2016-07-10,0,healthy cranberry sauce: (United States)
2016-07-17,0,healthy cranberry sauce: (United States)
2016-07-24,4,healthy cranberry sauce: (United States)
2016-07-31,0,healthy cranberry sauce: (United States)
2016-08-07,0,healthy cranberry sauce: (United States)
2016-08-14,4,healthy cranberry sauce: (United States)
2016-08-21,0,healthy cranberry sauce: (United States)
2016-08-28,4,healthy cranberry sauce: (United States)
2016-09-04,4,healthy cranberry sauce: (United States)
2016-09-11,0,healthy cranberry sauce: (United States)
2016-09-18,0,healthy cranberry sauce: (United States)
2016-09-25,0,healthy cranberry sauce: (United States)
2016-10-02,0,healthy cranberry sauce: (United States)
2016-10-09,4,healthy cranberry sauce: (United States)
2016-10-16,0,healthy cranberry sauce: (United States)
2016-10-23,4,healthy cranberry sauce: (United States)
2016-10-30,4,healthy cranberry sauce: (United States)
2016-11-06,7,healthy cranberry sauce: (United States)
2016-11-13,14,healthy cranberry sauce: (United States)
2016-11-20,66,healthy cranberry sauce: (United States)
2016-11-27,7,healthy cranberry sauce: (United States)
2016-12-04,7,healthy cranberry sauce: (United States)
2016-12-11,0,healthy cranberry sauce: (United States)
2016-12-18,4,healthy cranberry sauce: (United States)
2016-12-25,8,healthy cranberry sauce: (United States)
2017-01-01,4,healthy cranberry sauce: (United States)
2017-01-08,7,healthy cranberry sauce: (United States)
2017-01-15,0,healthy cranberry sauce: (United States)
2017-01-22,3,healthy cranberry sauce: (United States)
2017-01-29,0,healthy cranberry sauce: (United States)
2017-02-05,7,healthy cranberry sauce: (United States)
2017-02-12,0,healthy cranberry sauce: (United States)
2017-02-19,3,healthy cranberry sauce: (United States)
2017-02-26,3,healthy cranberry sauce: (United States)
2017-03-05,3,healthy cranberry sauce: (United States)
2017-03-12,3,healthy cranberry sauce: (United States)
2017-03-19,3,healthy cranberry sauce: (United States)
2017-03-26,3,healthy cranberry sauce: (United States)
2017-04-02,0,healthy cranberry sauce: (United States)
2017-04-09,3,healthy cranberry sauce: (United States)
2017-04-16,0,healthy cranberry sauce: (United States)
2017-04-23,0,healthy cranberry sauce: (United States)
2017-04-30,0,healthy cranberry sauce: (United States)
2017-05-07,0,healthy cranberry sauce: (United States)
2017-05-14,4,healthy cranberry sauce: (United States)
2017-05-21,0,healthy cranberry sauce: (United States)
2017-05-28,0,healthy cranberry sauce: (United States)
2017-06-04,4,healthy cranberry sauce: (United States)
2017-06-11,0,healthy cranberry sauce: (United States)
2017-06-18,4,healthy cranberry sauce: (United States)
2017-06-25,0,healthy cranberry sauce: (United States)
2017-07-02,4,healthy cranberry sauce: (United States)
2017-07-09,4,healthy cranberry sauce: (United States)
2017-07-16,0,healthy cranberry sauce: (United States)
2017-07-23,0,healthy cranberry sauce: (United States)
2017-07-30,7,healthy cranberry sauce: (United States)
2017-08-06,4,healthy cranberry sauce: (United States)
2017-08-13,7,healthy cranberry sauce: (United States)
2017-08-20,0,healthy cranberry sauce: (United States)
2017-08-27,0,healthy cranberry sauce: (United States)
2017-09-03,0,healthy cranberry sauce: (United States)
2017-09-10,0,healthy cranberry sauce: (United States)
2017-09-17,0,healthy cranberry sauce: (United States)
2017-09-24,3,healthy cranberry sauce: (United States)
2017-10-01,3,healthy cranberry sauce: (United States)
2017-10-08,0,healthy cranberry sauce: (United States)
2017-10-15,0,healthy cranberry sauce: (United States)
2017-10-22,7,healthy cranberry sauce: (United States)
2017-10-29,5,healthy cranberry sauce: (United States)
2017-11-05,3,healthy cranberry sauce: (United States)
2017-11-12,16,healthy cranberry sauce: (United States)
2017-11-19,56,healthy cranberry sauce: (United States)
2017-11-26,5,healthy cranberry sauce: (United States)
2017-12-03,3,healthy cranberry sauce: (United States)
2017-12-10,0,healthy cranberry sauce: (United States)
2017-12-17,7,healthy cranberry sauce: (United States)
2017-12-24,0,healthy cranberry sauce: (United States)
2017-12-31,0,healthy cranberry sauce: (United States)
2018-01-07,0,healthy cranberry sauce: (United States)
2018-01-14,7,healthy cranberry sauce: (United States)
2018-01-21,0,healthy cranberry sauce: (United States)
2018-01-28,0,healthy cranberry sauce: (United States)
2018-02-04,0,healthy cranberry sauce: (United States)
2018-02-11,0,healthy cranberry sauce: (United States)
2018-02-18,3,healthy cranberry sauce: (United States)
2018-02-25,3,healthy cranberry sauce: (United States)
2018-03-04,0,healthy cranberry sauce: (United States)
2018-03-11,0,healthy cranberry sauce: (United States)
2018-03-18,0,healthy cranberry sauce: (United States)
2018-03-25,0,healthy cranberry sauce: (United States)
2018-04-01,3,healthy cranberry sauce: (United States)
2018-04-08,0,healthy cranberry sauce: (United States)
2018-04-15,6,healthy cranberry sauce: (United States)
2018-04-22,0,healthy cranberry sauce: (United States)
2018-04-29,3,healthy cranberry sauce: (United States)
2018-05-06,3,healthy cranberry sauce: (United States)
2018-05-13,0,healthy cranberry sauce: (United States)
2018-05-20,0,healthy cranberry sauce: (United States)
2018-05-27,0,healthy cranberry sauce: (United States)
2018-06-03,3,healthy cranberry sauce: (United States)
2018-06-10,0,healthy cranberry sauce: (United States)
2018-06-17,0,healthy cranberry sauce: (United States)
2018-06-24,0,healthy cranberry sauce: (United States)
2018-07-01,0,healthy cranberry sauce: (United States)
2018-07-08,0,healthy cranberry sauce: (United States)
2018-07-15,0,healthy cranberry sauce: (United States)
2018-07-22,0,healthy cranberry sauce: (United States)
2018-07-29,0,healthy cranberry sauce: (United States)
2018-08-05,3,healthy cranberry sauce: (United States)
2018-08-12,0,healthy cranberry sauce: (United States)
2018-08-19,0,healthy cranberry sauce: (United States)
2018-08-26,3,healthy cranberry sauce: (United States)
2018-09-02,0,healthy cranberry sauce: (United States)
2018-09-09,0,healthy cranberry sauce: (United States)
2018-09-16,3,healthy cranberry sauce: (United States)
2018-09-23,0,healthy cranberry sauce: (United States)
2018-09-30,3,healthy cranberry sauce: (United States)
2018-10-07,0,healthy cranberry sauce: (United States)
2018-10-14,3,healthy cranberry sauce: (United States)
2018-10-21,0,healthy cranberry sauce: (United States)
2018-10-28,5,healthy cranberry sauce: (United States)
2018-11-04,13,healthy cranberry sauce: (United States)
2018-11-11,13,healthy cranberry sauce: (United States)
2018-11-18,50,healthy cranberry sauce: (United States)
2018-11-25,8,healthy cranberry sauce: (United States)
2018-12-02,3,healthy cranberry sauce: (United States)
2018-12-09,0,healthy cranberry sauce: (United States)
2018-12-16,13,healthy cranberry sauce: (United States)
2018-12-23,8,healthy cranberry sauce: (United States)
2018-12-30,3,healthy cranberry sauce: (United States)
2019-01-06,0,healthy cranberry sauce: (United States)
2019-01-13,3,healthy cranberry sauce: (United States)
2019-01-20,3,healthy cranberry sauce: (United States)
2019-01-27,0,healthy cranberry sauce: (United States)
2019-02-03,3,healthy cranberry sauce: (United States)
2019-02-10,3,healthy cranberry sauce: (United States)
2019-02-17,3,healthy cranberry sauce: (United States)
2019-02-24,3,healthy cranberry sauce: (United States)
2019-03-03,0,healthy cranberry sauce: (United States)
2019-03-10,0,healthy cranberry sauce: (United States)
2019-03-17,3,healthy cranberry sauce: (United States)
2019-03-24,0,healthy cranberry sauce: (United States)
2019-03-31,3,healthy cranberry sauce: (United States)
2019-04-07,0,healthy cranberry sauce: (United States)
2019-04-14,0,healthy cranberry sauce: (United States)
2019-04-21,3,healthy cranberry sauce: (United States)
2019-04-28,0,healthy cranberry sauce: (United States)
2019-05-05,0,healthy cranberry sauce: (United States)
2019-05-12,0,healthy cranberry sauce: (United States)
2019-05-19,0,healthy cranberry sauce: (United States)
2019-05-26,3,healthy cranberry sauce: (United States)
2019-06-02,7,healthy cranberry sauce: (United States)
2019-06-09,3,healthy cranberry sauce: (United States)
2019-06-16,3,healthy cranberry sauce: (United States)
2019-06-23,0,healthy cranberry sauce: (United States)
2019-06-30,0,healthy cranberry sauce: (United States)
2019-07-07,7,healthy cranberry sauce: (United States)
2019-07-14,3,healthy cranberry sauce: (United States)
2019-07-21,3,healthy cranberry sauce: (United States)
2019-07-28,0,healthy cranberry sauce: (United States)
2019-08-04,0,healthy cranberry sauce: (United States)
2019-08-11,0,healthy cranberry sauce: (United States)
2019-08-18,0,healthy cranberry sauce: (United States)
2019-08-25,3,healthy cranberry sauce: (United States)
2019-09-01,0,healthy cranberry sauce: (United States)
2019-09-08,0,healthy cranberry sauce: (United States)
2019-09-15,3,healthy cranberry sauce: (United States)
2019-09-22,6,healthy cranberry sauce: (United States)
2019-09-29,0,healthy cranberry sauce: (United States)
2019-10-06,3,healthy cranberry sauce: (United States)
2019-10-13,3,healthy cranberry sauce: (United States)
2019-10-20,0,healthy cranberry sauce: (United States)
2019-10-27,3,healthy cranberry sauce: (United States)
2019-11-03,9,healthy cranberry sauce: (United States)
2019-11-10,10,healthy cranberry sauce: (United States)
2019-11-17,15,healthy cranberry sauce: (United States)
2019-11-24,56,healthy cranberry sauce: (United States)
2019-12-01,12,healthy cranberry sauce: (United States)
2019-12-08,3,healthy cranberry sauce: (United States)
2019-12-15,5,healthy cranberry sauce: (United States)
2019-12-22,7,healthy cranberry sauce: (United States)
2019-12-29,3,healthy cranberry sauce: (United States)
2020-01-05,0,healthy cranberry sauce: (United States)
2020-01-12,3,healthy cranberry sauce: (United States)
2020-01-19,9,healthy cranberry sauce: (United States)
2020-01-26,3,healthy cranberry sauce: (United States)
2020-02-02,3,healthy cranberry sauce: (United States)
2020-02-09,0,healthy cranberry sauce: (United States)
2020-02-16,0,healthy cranberry sauce: (United States)
2020-02-23,0,healthy cranberry sauce: (United States)
2020-03-01,0,healthy cranberry sauce: (United States)
2020-03-08,6,healthy cranberry sauce: (United States)
2020-03-15,3,healthy cranberry sauce: (United States)
2020-03-22,0,healthy cranberry sauce: (United States)
2020-03-29,0,healthy cranberry sauce: (United States)
2020-04-05,0,healthy cranberry sauce: (United States)
2020-04-12,3,healthy cranberry sauce: (United States)
2020-04-19,0,healthy cranberry sauce: (United States)
2020-04-26,0,healthy cranberry sauce: (United States)
2020-05-03,0,healthy cranberry sauce: (United States)
2020-05-10,0,healthy cranberry sauce: (United States)
2020-05-17,3,healthy cranberry sauce: (United States)
2020-05-24,0,healthy cranberry sauce: (United States)
2020-05-31,0,healthy cranberry sauce: (United States)
2020-06-07,3,healthy cranberry sauce: (United States)
2020-06-14,0,healthy cranberry sauce: (United States)
2020-06-21,0,healthy cranberry sauce: (United States)
2020-06-28,0,healthy cranberry sauce: (United States)
2020-07-05,0,healthy cranberry sauce: (United States)
2020-07-12,0,healthy cranberry sauce: (United States)
2020-07-19,3,healthy cranberry sauce: (United States)
2020-07-26,0,healthy cranberry sauce: (United States)
2020-08-02,0,healthy cranberry sauce: (United States)
2020-08-09,0,healthy cranberry sauce: (United States)
2020-08-16,3,healthy cranberry sauce: (United States)
2020-08-23,3,healthy cranberry sauce: (United States)
2020-08-30,0,healthy cranberry sauce: (United States)
2020-09-06,0,healthy cranberry sauce: (United States)
2020-09-13,3,healthy cranberry sauce: (United States)
2020-09-20,3,healthy cranberry sauce: (United States)
2020-09-27,0,healthy cranberry sauce: (United States)
2020-10-04,3,healthy cranberry sauce: (United States)
2020-10-11,0,healthy cranberry sauce: (United States)
2020-10-18,0,healthy cranberry sauce: (United States)
2020-10-25,0,healthy cranberry sauce: (United States)
2020-11-01,7,healthy cranberry sauce: (United States)
2015-11-15,4,whole 30 cranberry sauce: (United States)
2015-11-22,0,whole 30 cranberry sauce: (United States)
2015-11-29,4,whole 30 cranberry sauce: (United States)
2015-12-06,0,whole 30 cranberry sauce: (United States)
2015-12-13,0,whole 30 cranberry sauce: (United States)
2015-12-20,0,whole 30 cranberry sauce: (United States)
2015-12-27,0,whole 30 cranberry sauce: (United States)
2016-01-03,0,whole 30 cranberry sauce: (United States)
2016-01-10,0,whole 30 cranberry sauce: (United States)
2016-01-17,0,whole 30 cranberry sauce: (United States)
2016-01-24,0,whole 30 cranberry sauce: (United States)
2016-01-31,0,whole 30 cranberry sauce: (United States)
2016-02-07,0,whole 30 cranberry sauce: (United States)
2016-02-14,0,whole 30 cranberry sauce: (United States)
2016-02-21,0,whole 30 cranberry sauce: (United States)
2016-02-28,0,whole 30 cranberry sauce: (United States)
2016-03-06,0,whole 30 cranberry sauce: (United States)
2016-03-13,0,whole 30 cranberry sauce: (United States)
2016-03-20,0,whole 30 cranberry sauce: (United States)
2016-03-27,0,whole 30 cranberry sauce: (United States)
2016-04-03,0,whole 30 cranberry sauce: (United States)
2016-04-10,0,whole 30 cranberry sauce: (United States)
2016-04-17,0,whole 30 cranberry sauce: (United States)
2016-04-24,0,whole 30 cranberry sauce: (United States)
2016-05-01,0,whole 30 cranberry sauce: (United States)
2016-05-08,0,whole 30 cranberry sauce: (United States)
2016-05-15,0,whole 30 cranberry sauce: (United States)
2016-05-22,0,whole 30 cranberry sauce: (United States)
2016-05-29,0,whole 30 cranberry sauce: (United States)
2016-06-05,0,whole 30 cranberry sauce: (United States)
2016-06-12,0,whole 30 cranberry sauce: (United States)
2016-06-19,0,whole 30 cranberry sauce: (United States)
2016-06-26,0,whole 30 cranberry sauce: (United States)
2016-07-03,0,whole 30 cranberry sauce: (United States)
2016-07-10,0,whole 30 cranberry sauce: (United States)
2016-07-17,0,whole 30 cranberry sauce: (United States)
2016-07-24,0,whole 30 cranberry sauce: (United States)
2016-07-31,0,whole 30 cranberry sauce: (United States)
2016-08-07,0,whole 30 cranberry sauce: (United States)
2016-08-14,0,whole 30 cranberry sauce: (United States)
2016-08-21,0,whole 30 cranberry sauce: (United States)
2016-08-28,0,whole 30 cranberry sauce: (United States)
2016-09-04,0,whole 30 cranberry sauce: (United States)
2016-09-11,0,whole 30 cranberry sauce: (United States)
2016-09-18,0,whole 30 cranberry sauce: (United States)
2016-09-25,0,whole 30 cranberry sauce: (United States)
2016-10-02,0,whole 30 cranberry sauce: (United States)
2016-10-09,0,whole 30 cranberry sauce: (United States)
2016-10-16,0,whole 30 cranberry sauce: (United States)
2016-10-23,0,whole 30 cranberry sauce: (United States)
2016-10-30,0,whole 30 cranberry sauce: (United States)
2016-11-06,0,whole 30 cranberry sauce: (United States)
2016-11-13,0,whole 30 cranberry sauce: (United States)
2016-11-20,4,whole 30 cranberry sauce: (United States)
2016-11-27,0,whole 30 cranberry sauce: (United States)
2016-12-04,0,whole 30 cranberry sauce: (United States)
2016-12-11,0,whole 30 cranberry sauce: (United States)
2016-12-18,0,whole 30 cranberry sauce: (United States)
2016-12-25,0,whole 30 cranberry sauce: (United States)
2017-01-01,0,whole 30 cranberry sauce: (United States)
2017-01-08,0,whole 30 cranberry sauce: (United States)
2017-01-15,0,whole 30 cranberry sauce: (United States)
2017-01-22,0,whole 30 cranberry sauce: (United States)
2017-01-29,0,whole 30 cranberry sauce: (United States)
2017-02-05,0,whole 30 cranberry sauce: (United States)
2017-02-12,0,whole 30 cranberry sauce: (United States)
2017-02-19,0,whole 30 cranberry sauce: (United States)
2017-02-26,0,whole 30 cranberry sauce: (United States)
2017-03-05,0,whole 30 cranberry sauce: (United States)
2017-03-12,0,whole 30 cranberry sauce: (United States)
2017-03-19,0,whole 30 cranberry sauce: (United States)
2017-03-26,0,whole 30 cranberry sauce: (United States)
2017-04-02,0,whole 30 cranberry sauce: (United States)
2017-04-09,0,whole 30 cranberry sauce: (United States)
2017-04-16,0,whole 30 cranberry sauce: (United States)
2017-04-23,0,whole 30 cranberry sauce: (United States)
2017-04-30,0,whole 30 cranberry sauce: (United States)
2017-05-07,0,whole 30 cranberry sauce: (United States)
2017-05-14,0,whole 30 cranberry sauce: (United States)
2017-05-21,0,whole 30 cranberry sauce: (United States)
2017-05-28,0,whole 30 cranberry sauce: (United States)
2017-06-04,0,whole 30 cranberry sauce: (United States)
2017-06-11,0,whole 30 cranberry sauce: (United States)
2017-06-18,0,whole 30 cranberry sauce: (United States)
2017-06-25,0,whole 30 cranberry sauce: (United States)
2017-07-02,0,whole 30 cranberry sauce: (United States)
2017-07-09,0,whole 30 cranberry sauce: (United States)
2017-07-16,0,whole 30 cranberry sauce: (United States)
2017-07-23,0,whole 30 cranberry sauce: (United States)
2017-07-30,0,whole 30 cranberry sauce: (United States)
2017-08-06,0,whole 30 cranberry sauce: (United States)
2017-08-13,0,whole 30 cranberry sauce: (United States)
2017-08-20,0,whole 30 cranberry sauce: (United States)
2017-08-27,0,whole 30 cranberry sauce: (United States)
2017-09-03,0,whole 30 cranberry sauce: (United States)
2017-09-10,0,whole 30 cranberry sauce: (United States)
2017-09-17,0,whole 30 cranberry sauce: (United States)
2017-09-24,0,whole 30 cranberry sauce: (United States)
2017-10-01,0,whole 30 cranberry sauce: (United States)
2017-10-08,3,whole 30 cranberry sauce: (United States)
2017-10-15,0,whole 30 cranberry sauce: (United States)
2017-10-22,0,whole 30 cranberry sauce: (United States)
2017-10-29,0,whole 30 cranberry sauce: (United States)
2017-11-05,0,whole 30 cranberry sauce: (United States)
2017-11-12,3,whole 30 cranberry sauce: (United States)
2017-11-19,3,whole 30 cranberry sauce: (United States)
2017-11-26,3,whole 30 cranberry sauce: (United States)
2017-12-03,0,whole 30 cranberry sauce: (United States)
2017-12-10,0,whole 30 cranberry sauce: (United States)
2017-12-17,0,whole 30 cranberry sauce: (United States)
2017-12-24,0,whole 30 cranberry sauce: (United States)
2017-12-31,3,whole 30 cranberry sauce: (United States)
2018-01-07,0,whole 30 cranberry sauce: (United States)
2018-01-14,0,whole 30 cranberry sauce: (United States)
2018-01-21,0,whole 30 cranberry sauce: (United States)
2018-01-28,0,whole 30 cranberry sauce: (United States)
2018-02-04,0,whole 30 cranberry sauce: (United States)
2018-02-11,0,whole 30 cranberry sauce: (United States)
2018-02-18,0,whole 30 cranberry sauce: (United States)
2018-02-25,0,whole 30 cranberry sauce: (United States)
2018-03-04,0,whole 30 cranberry sauce: (United States)
2018-03-11,3,whole 30 cranberry sauce: (United States)
2018-03-18,0,whole 30 cranberry sauce: (United States)
2018-03-25,0,whole 30 cranberry sauce: (United States)
2018-04-01,0,whole 30 cranberry sauce: (United States)
2018-04-08,0,whole 30 cranberry sauce: (United States)
2018-04-15,0,whole 30 cranberry sauce: (United States)
2018-04-22,0,whole 30 cranberry sauce: (United States)
2018-04-29,0,whole 30 cranberry sauce: (United States)
2018-05-06,0,whole 30 cranberry sauce: (United States)
2018-05-13,0,whole 30 cranberry sauce: (United States)
2018-05-20,0,whole 30 cranberry sauce: (United States)
2018-05-27,0,whole 30 cranberry sauce: (United States)
2018-06-03,0,whole 30 cranberry sauce: (United States)
2018-06-10,0,whole 30 cranberry sauce: (United States)
2018-06-17,0,whole 30 cranberry sauce: (United States)
2018-06-24,0,whole 30 cranberry sauce: (United States)
2018-07-01,0,whole 30 cranberry sauce: (United States)
2018-07-08,0,whole 30 cranberry sauce: (United States)
2018-07-15,0,whole 30 cranberry sauce: (United States)
2018-07-22,0,whole 30 cranberry sauce: (United States)
2018-07-29,3,whole 30 cranberry sauce: (United States)
2018-08-05,0,whole 30 cranberry sauce: (United States)
2018-08-12,0,whole 30 cranberry sauce: (United States)
2018-08-19,0,whole 30 cranberry sauce: (United States)
2018-08-26,0,whole 30 cranberry sauce: (United States)
2018-09-02,0,whole 30 cranberry sauce: (United States)
2018-09-09,0,whole 30 cranberry sauce: (United States)
2018-09-16,0,whole 30 cranberry sauce: (United States)
2018-09-23,0,whole 30 cranberry sauce: (United States)
2018-09-30,0,whole 30 cranberry sauce: (United States)
2018-10-07,3,whole 30 cranberry sauce: (United States)
2018-10-14,0,whole 30 cranberry sauce: (United States)
2018-10-21,0,whole 30 cranberry sauce: (United States)
2018-10-28,0,whole 30 cranberry sauce: (United States)
2018-11-04,0,whole 30 cranberry sauce: (United States)
2018-11-11,0,whole 30 cranberry sauce: (United States)
2018-11-18,0,whole 30 cranberry sauce: (United States)
2018-11-25,0,whole 30 cranberry sauce: (United States)
2018-12-02,0,whole 30 cranberry sauce: (United States)
2018-12-09,0,whole 30 cranberry sauce: (United States)
2018-12-16,0,whole 30 cranberry sauce: (United States)
2018-12-23,0,whole 30 cranberry sauce: (United States)
2018-12-30,0,whole 30 cranberry sauce: (United States)
2019-01-06,0,whole 30 cranberry sauce: (United States)
2019-01-13,0,whole 30 cranberry sauce: (United States)
2019-01-20,3,whole 30 cranberry sauce: (United States)
2019-01-27,0,whole 30 cranberry sauce: (United States)
2019-02-03,0,whole 30 cranberry sauce: (United States)
2019-02-10,0,whole 30 cranberry sauce: (United States)
2019-02-17,0,whole 30 cranberry sauce: (United States)
2019-02-24,0,whole 30 cranberry sauce: (United States)
2019-03-03,0,whole 30 cranberry sauce: (United States)
2019-03-10,0,whole 30 cranberry sauce: (United States)
2019-03-17,0,whole 30 cranberry sauce: (United States)
2019-03-24,0,whole 30 cranberry sauce: (United States)
2019-03-31,0,whole 30 cranberry sauce: (United States)
2019-04-07,0,whole 30 cranberry sauce: (United States)
2019-04-14,0,whole 30 cranberry sauce: (United States)
2019-04-21,0,whole 30 cranberry sauce: (United States)
2019-04-28,0,whole 30 cranberry sauce: (United States)
2019-05-05,0,whole 30 cranberry sauce: (United States)
2019-05-12,0,whole 30 cranberry sauce: (United States)
2019-05-19,0,whole 30 cranberry sauce: (United States)
2019-05-26,0,whole 30 cranberry sauce: (United States)
2019-06-02,0,whole 30 cranberry sauce: (United States)
2019-06-09,0,whole 30 cranberry sauce: (United States)
2019-06-16,0,whole 30 cranberry sauce: (United States)
2019-06-23,0,whole 30 cranberry sauce: (United States)
2019-06-30,0,whole 30 cranberry sauce: (United States)
2019-07-07,0,whole 30 cranberry sauce: (United States)
2019-07-14,0,whole 30 cranberry sauce: (United States)
2019-07-21,0,whole 30 cranberry sauce: (United States)
2019-07-28,0,whole 30 cranberry sauce: (United States)
2019-08-04,0,whole 30 cranberry sauce: (United States)
2019-08-11,0,whole 30 cranberry sauce: (United States)
2019-08-18,0,whole 30 cranberry sauce: (United States)
2019-08-25,0,whole 30 cranberry sauce: (United States)
2019-09-01,0,whole 30 cranberry sauce: (United States)
2019-09-08,0,whole 30 cranberry sauce: (United States)
2019-09-15,0,whole 30 cranberry sauce: (United States)
2019-09-22,0,whole 30 cranberry sauce: (United States)
2019-09-29,0,whole 30 cranberry sauce: (United States)
2019-10-06,0,whole 30 cranberry sauce: (United States)
2019-10-13,0,whole 30 cranberry sauce: (United States)
2019-10-20,0,whole 30 cranberry sauce: (United States)
2019-10-27,0,whole 30 cranberry sauce: (United States)
2019-11-03,0,whole 30 cranberry sauce: (United States)
2019-11-10,0,whole 30 cranberry sauce: (United States)
2019-11-17,0,whole 30 cranberry sauce: (United States)
2019-11-24,3,whole 30 cranberry sauce: (United States)
2019-12-01,0,whole 30 cranberry sauce: (United States)
2019-12-08,0,whole 30 cranberry sauce: (United States)
2019-12-15,0,whole 30 cranberry sauce: (United States)
2019-12-22,0,whole 30 cranberry sauce: (United States)
2019-12-29,0,whole 30 cranberry sauce: (United States)
2020-01-05,0,whole 30 cranberry sauce: (United States)
2020-01-12,0,whole 30 cranberry sauce: (United States)
2020-01-19,0,whole 30 cranberry sauce: (United States)
2020-01-26,0,whole 30 cranberry sauce: (United States)
2020-02-02,0,whole 30 cranberry sauce: (United States)
2020-02-09,0,whole 30 cranberry sauce: (United States)
2020-02-16,0,whole 30 cranberry sauce: (United States)
2020-02-23,0,whole 30 cranberry sauce: (United States)
2020-03-01,0,whole 30 cranberry sauce: (United States)
2020-03-08,0,whole 30 cranberry sauce: (United States)
2020-03-15,0,whole 30 cranberry sauce: (United States)
2020-03-22,0,whole 30 cranberry sauce: (United States)
2020-03-29,0,whole 30 cranberry sauce: (United States)
2020-04-05,0,whole 30 cranberry sauce: (United States)
2020-04-12,0,whole 30 cranberry sauce: (United States)
2020-04-19,0,whole 30 cranberry sauce: (United States)
2020-04-26,0,whole 30 cranberry sauce: (United States)
2020-05-03,0,whole 30 cranberry sauce: (United States)
2020-05-10,0,whole 30 cranberry sauce: (United States)
2020-05-17,0,whole 30 cranberry sauce: (United States)
2020-05-24,0,whole 30 cranberry sauce: (United States)
2020-05-31,0,whole 30 cranberry sauce: (United States)
2020-06-07,0,whole 30 cranberry sauce: (United States)
2020-06-14,0,whole 30 cranberry sauce: (United States)
2020-06-21,0,whole 30 cranberry sauce: (United States)
2020-06-28,0,whole 30 cranberry sauce: (United States)
2020-07-05,0,whole 30 cranberry sauce: (United States)
2020-07-12,0,whole 30 cranberry sauce: (United States)
2020-07-19,0,whole 30 cranberry sauce: (United States)
2020-07-26,0,whole 30 cranberry sauce: (United States)
2020-08-02,0,whole 30 cranberry sauce: (United States)
2020-08-09,0,whole 30 cranberry sauce: (United States)
2020-08-16,0,whole 30 cranberry sauce: (United States)
2020-08-23,0,whole 30 cranberry sauce: (United States)
2020-08-30,0,whole 30 cranberry sauce: (United States)
2020-09-06,0,whole 30 cranberry sauce: (United States)
2020-09-13,0,whole 30 cranberry sauce: (United States)
2020-09-20,0,whole 30 cranberry sauce: (United States)
2020-09-27,0,whole 30 cranberry sauce: (United States)
2020-10-04,0,whole 30 cranberry sauce: (United States)
2020-10-11,0,whole 30 cranberry sauce: (United States)
2020-10-18,0,whole 30 cranberry sauce: (United States)
2020-10-25,0,whole 30 cranberry sauce: (United States)
2020-11-01,0,whole 30 cranberry sauce: (United States)
2015-11-15,16,sugar free cranberry sauce: (United States)
2015-11-22,39,sugar free cranberry sauce: (United States)
2015-11-29,0,sugar free cranberry sauce: (United States)
2015-12-06,4,sugar free cranberry sauce: (United States)
2015-12-13,5,sugar free cranberry sauce: (United States)
2015-12-20,5,sugar free cranberry sauce: (United States)
2015-12-27,0,sugar free cranberry sauce: (United States)
2016-01-03,4,sugar free cranberry sauce: (United States)
2016-01-10,0,sugar free cranberry sauce: (United States)
2016-01-17,0,sugar free cranberry sauce: (United States)
2016-01-24,4,sugar free cranberry sauce: (United States)
2016-01-31,0,sugar free cranberry sauce: (United States)
2016-02-07,0,sugar free cranberry sauce: (United States)
2016-02-14,0,sugar free cranberry sauce: (United States)
2016-02-21,0,sugar free cranberry sauce: (United States)
2016-02-28,0,sugar free cranberry sauce: (United States)
2016-03-06,0,sugar free cranberry sauce: (United States)
2016-03-13,0,sugar free cranberry sauce: (United States)
2016-03-20,0,sugar free cranberry sauce: (United States)
2016-03-27,4,sugar free cranberry sauce: (United States)
2016-04-03,0,sugar free cranberry sauce: (United States)
2016-04-10,4,sugar free cranberry sauce: (United States)
2016-04-17,0,sugar free cranberry sauce: (United States)
2016-04-24,0,sugar free cranberry sauce: (United States)
2016-05-01,0,sugar free cranberry sauce: (United States)
2016-05-08,0,sugar free cranberry sauce: (United States)
2016-05-15,0,sugar free cranberry sauce: (United States)
2016-05-22,4,sugar free cranberry sauce: (United States)
2016-05-29,4,sugar free cranberry sauce: (United States)
2016-06-05,0,sugar free cranberry sauce: (United States)
2016-06-12,0,sugar free cranberry sauce: (United States)
2016-06-19,0,sugar free cranberry sauce: (United States)
2016-06-26,0,sugar free cranberry sauce: (United States)
2016-07-03,0,sugar free cranberry sauce: (United States)
2016-07-10,0,sugar free cranberry sauce: (United States)
2016-07-17,0,sugar free cranberry sauce: (United States)
2016-07-24,0,sugar free cranberry sauce: (United States)
2016-07-31,0,sugar free cranberry sauce: (United States)
2016-08-07,0,sugar free cranberry sauce: (United States)
2016-08-14,0,sugar free cranberry sauce: (United States)
2016-08-21,0,sugar free cranberry sauce: (United States)
2016-08-28,0,sugar free cranberry sauce: (United States)
2016-09-04,4,sugar free cranberry sauce: (United States)
2016-09-11,0,sugar free cranberry sauce: (United States)
2016-09-18,0,sugar free cranberry sauce: (United States)
2016-09-25,0,sugar free cranberry sauce: (United States)
2016-10-02,0,sugar free cranberry sauce: (United States)
2016-10-09,4,sugar free cranberry sauce: (United States)
2016-10-16,4,sugar free cranberry sauce: (United States)
2016-10-23,4,sugar free cranberry sauce: (United States)
2016-10-30,0,sugar free cranberry sauce: (United States)
2016-11-06,3,sugar free cranberry sauce: (United States)
2016-11-13,18,sugar free cranberry sauce: (United States)
2016-11-20,28,sugar free cranberry sauce: (United States)
2016-11-27,0,sugar free cranberry sauce: (United States)
2016-12-04,0,sugar free cranberry sauce: (United States)
2016-12-11,3,sugar free cranberry sauce: (United States)
2016-12-18,4,sugar free cranberry sauce: (United States)
2016-12-25,4,sugar free cranberry sauce: (United States)
2017-01-01,0,sugar free cranberry sauce: (United States)
2017-01-08,0,sugar free cranberry sauce: (United States)
2017-01-15,0,sugar free cranberry sauce: (United States)
2017-01-22,0,sugar free cranberry sauce: (United States)
2017-01-29,0,sugar free cranberry sauce: (United States)
2017-02-05,0,sugar free cranberry sauce: (United States)
2017-02-12,0,sugar free cranberry sauce: (United States)
2017-02-19,0,sugar free cranberry sauce: (United States)
2017-02-26,3,sugar free cranberry sauce: (United States)
2017-03-05,0,sugar free cranberry sauce: (United States)
2017-03-12,0,sugar free cranberry sauce: (United States)
2017-03-19,0,sugar free cranberry sauce: (United States)
2017-03-26,0,sugar free cranberry sauce: (United States)
2017-04-02,0,sugar free cranberry sauce: (United States)
2017-04-09,0,sugar free cranberry sauce: (United States)
2017-04-16,0,sugar free cranberry sauce: (United States)
2017-04-23,0,sugar free cranberry sauce: (United States)
2017-04-30,3,sugar free cranberry sauce: (United States)
2017-05-07,0,sugar free cranberry sauce: (United States)
2017-05-14,0,sugar free cranberry sauce: (United States)
2017-05-21,0,sugar free cranberry sauce: (United States)
2017-05-28,0,sugar free cranberry sauce: (United States)
2017-06-04,0,sugar free cranberry sauce: (United States)
2017-06-11,0,sugar free cranberry sauce: (United States)
2017-06-18,4,sugar free cranberry sauce: (United States)
2017-06-25,0,sugar free cranberry sauce: (United States)
2017-07-02,0,sugar free cranberry sauce: (United States)
2017-07-09,0,sugar free cranberry sauce: (United States)
2017-07-16,0,sugar free cranberry sauce: (United States)
2017-07-23,4,sugar free cranberry sauce: (United States)
2017-07-30,4,sugar free cranberry sauce: (United States)
2017-08-06,0,sugar free cranberry sauce: (United States)
2017-08-13,0,sugar free cranberry sauce: (United States)
2017-08-20,0,sugar free cranberry sauce: (United States)
2017-08-27,0,sugar free cranberry sauce: (United States)
2017-09-03,0,sugar free cranberry sauce: (United States)
2017-09-10,0,sugar free cranberry sauce: (United States)
2017-09-17,0,sugar free cranberry sauce: (United States)
2017-09-24,0,sugar free cranberry sauce: (United States)
2017-10-01,3,sugar free cranberry sauce: (United States)
2017-10-08,10,sugar free cranberry sauce: (United States)
2017-10-15,0,sugar free cranberry sauce: (United States)
2017-10-22,5,sugar free cranberry sauce: (United States)
2017-10-29,10,sugar free cranberry sauce: (United States)
2017-11-05,8,sugar free cranberry sauce: (United States)
2017-11-12,18,sugar free cranberry sauce: (United States)
2017-11-19,46,sugar free cranberry sauce: (United States)
2017-11-26,6,sugar free cranberry sauce: (United States)
2017-12-03,0,sugar free cranberry sauce: (United States)
2017-12-10,3,sugar free cranberry sauce: (United States)
2017-12-17,5,sugar free cranberry sauce: (United States)
2017-12-24,0,sugar free cranberry sauce: (United States)
2017-12-31,3,sugar free cranberry sauce: (United States)
2018-01-07,6,sugar free cranberry sauce: (United States)
2018-01-14,3,sugar free cranberry sauce: (United States)
2018-01-21,0,sugar free cranberry sauce: (United States)
2018-01-28,0,sugar free cranberry sauce: (United States)
2018-02-04,0,sugar free cranberry sauce: (United States)
2018-02-11,0,sugar free cranberry sauce: (United States)
2018-02-18,0,sugar free cranberry sauce: (United States)
2018-02-25,0,sugar free cranberry sauce: (United States)
2018-03-04,0,sugar free cranberry sauce: (United States)
2018-03-11,0,sugar free cranberry sauce: (United States)
2018-03-18,0,sugar free cranberry sauce: (United States)
2018-03-25,3,sugar free cranberry sauce: (United States)
2018-04-01,0,sugar free cranberry sauce: (United States)
2018-04-08,0,sugar free cranberry sauce: (United States)
2018-04-15,0,sugar free cranberry sauce: (United States)
2018-04-22,0,sugar free cranberry sauce: (United States)
2018-04-29,0,sugar free cranberry sauce: (United States)
2018-05-06,0,sugar free cranberry sauce: (United States)
2018-05-13,0,sugar free cranberry sauce: (United States)
2018-05-20,0,sugar free cranberry sauce: (United States)
2018-05-27,0,sugar free cranberry sauce: (United States)
2018-06-03,3,sugar free cranberry sauce: (United States)
2018-06-10,3,sugar free cranberry sauce: (United States)
2018-06-17,0,sugar free cranberry sauce: (United States)
2018-06-24,0,sugar free cranberry sauce: (United States)
2018-07-01,0,sugar free cranberry sauce: (United States)
2018-07-08,0,sugar free cranberry sauce: (United States)
2018-07-15,0,sugar free cranberry sauce: (United States)
2018-07-22,3,sugar free cranberry sauce: (United States)
2018-07-29,0,sugar free cranberry sauce: (United States)
2018-08-05,0,sugar free cranberry sauce: (United States)
2018-08-12,0,sugar free cranberry sauce: (United States)
2018-08-19,3,sugar free cranberry sauce: (United States)
2018-08-26,3,sugar free cranberry sauce: (United States)
2018-09-02,0,sugar free cranberry sauce: (United States)
2018-09-09,0,sugar free cranberry sauce: (United States)
2018-09-16,0,sugar free cranberry sauce: (United States)
2018-09-23,0,sugar free cranberry sauce: (United States)
2018-09-30,3,sugar free cranberry sauce: (United States)
2018-10-07,10,sugar free cranberry sauce: (United States)
2018-10-14,3,sugar free cranberry sauce: (United States)
2018-10-21,5,sugar free cranberry sauce: (United States)
2018-10-28,3,sugar free cranberry sauce: (United States)
2018-11-04,9,sugar free cranberry sauce: (United States)
2018-11-11,21,sugar free cranberry sauce: (United States)
2018-11-18,45,sugar free cranberry sauce: (United States)
2018-11-25,6,sugar free cranberry sauce: (United States)
2018-12-02,0,sugar free cranberry sauce: (United States)
2018-12-09,3,sugar free cranberry sauce: (United States)
2018-12-16,3,sugar free cranberry sauce: (United States)
2018-12-23,15,sugar free cranberry sauce: (United States)
2018-12-30,0,sugar free cranberry sauce: (United States)
2019-01-06,3,sugar free cranberry sauce: (United States)
2019-01-13,0,sugar free cranberry sauce: (United States)
2019-01-20,0,sugar free cranberry sauce: (United States)
2019-01-27,0,sugar free cranberry sauce: (United States)
2019-02-03,3,sugar free cranberry sauce: (United States)
2019-02-10,0,sugar free cranberry sauce: (United States)
2019-02-17,0,sugar free cranberry sauce: (United States)
2019-02-24,0,sugar free cranberry sauce: (United States)
2019-03-03,0,sugar free cranberry sauce: (United States)
2019-03-10,3,sugar free cranberry sauce: (United States)
2019-03-17,3,sugar free cranberry sauce: (United States)
2019-03-24,3,sugar free cranberry sauce: (United States)
2019-03-31,3,sugar free cranberry sauce: (United States)
2019-04-07,0,sugar free cranberry sauce: (United States)
2019-04-14,0,sugar free cranberry sauce: (United States)
2019-04-21,0,sugar free cranberry sauce: (United States)
2019-04-28,3,sugar free cranberry sauce: (United States)
2019-05-05,0,sugar free cranberry sauce: (United States)
2019-05-12,0,sugar free cranberry sauce: (United States)
2019-05-19,3,sugar free cranberry sauce: (United States)
2019-05-26,0,sugar free cranberry sauce: (United States)
2019-06-02,0,sugar free cranberry sauce: (United States)
2019-06-09,3,sugar free cranberry sauce: (United States)
2019-06-16,0,sugar free cranberry sauce: (United States)
2019-06-23,0,sugar free cranberry sauce: (United States)
2019-06-30,3,sugar free cranberry sauce: (United States)
2019-07-07,3,sugar free cranberry sauce: (United States)
2019-07-14,0,sugar free cranberry sauce: (United States)
2019-07-21,0,sugar free cranberry sauce: (United States)
2019-07-28,0,sugar free cranberry sauce: (United States)
2019-08-04,0,sugar free cranberry sauce: (United States)
2019-08-11,0,sugar free cranberry sauce: (United States)
2019-08-18,0,sugar free cranberry sauce: (United States)
2019-08-25,3,sugar free cranberry sauce: (United States)
2019-09-01,0,sugar free cranberry sauce: (United States)
2019-09-08,0,sugar free cranberry sauce: (United States)
2019-09-15,0,sugar free cranberry sauce: (United States)
2019-09-22,3,sugar free cranberry sauce: (United States)
2019-09-29,3,sugar free cranberry sauce: (United States)
2019-10-06,3,sugar free cranberry sauce: (United States)
2019-10-13,6,sugar free cranberry sauce: (United States)
2019-10-20,3,sugar free cranberry sauce: (United States)
2019-10-27,3,sugar free cranberry sauce: (United States)
2019-11-03,9,sugar free cranberry sauce: (United States)
2019-11-10,6,sugar free cranberry sauce: (United States)
2019-11-17,18,sugar free cranberry sauce: (United States)
2019-11-24,48,sugar free cranberry sauce: (United States)
2019-12-01,0,sugar free cranberry sauce: (United States)
2019-12-08,6,sugar free cranberry sauce: (United States)
2019-12-15,5,sugar free cranberry sauce: (United States)
2019-12-22,10,sugar free cranberry sauce: (United States)
2019-12-29,0,sugar free cranberry sauce: (United States)
2020-01-05,3,sugar free cranberry sauce: (United States)
2020-01-12,0,sugar free cranberry sauce: (United States)
2020-01-19,0,sugar free cranberry sauce: (United States)
2020-01-26,0,sugar free cranberry sauce: (United States)
2020-02-02,3,sugar free cranberry sauce: (United States)
2020-02-09,0,sugar free cranberry sauce: (United States)
2020-02-16,0,sugar free cranberry sauce: (United States)
2020-02-23,3,sugar free cranberry sauce: (United States)
2020-03-01,3,sugar free cranberry sauce: (United States)
2020-03-08,3,sugar free cranberry sauce: (United States)
2020-03-15,0,sugar free cranberry sauce: (United States)
2020-03-22,3,sugar free cranberry sauce: (United States)
2020-03-29,0,sugar free cranberry sauce: (United States)
2020-04-05,3,sugar free cranberry sauce: (United States)
2020-04-12,0,sugar free cranberry sauce: (United States)
2020-04-19,0,sugar free cranberry sauce: (United States)
2020-04-26,3,sugar free cranberry sauce: (United States)
2020-05-03,0,sugar free cranberry sauce: (United States)
2020-05-10,0,sugar free cranberry sauce: (United States)
2020-05-17,3,sugar free cranberry sauce: (United States)
2020-05-24,0,sugar free cranberry sauce: (United States)
2020-05-31,0,sugar free cranberry sauce: (United States)
2020-06-07,0,sugar free cranberry sauce: (United States)
2020-06-14,3,sugar free cranberry sauce: (United States)
2020-06-21,0,sugar free cranberry sauce: (United States)
2020-06-28,0,sugar free cranberry sauce: (United States)
2020-07-05,3,sugar free cranberry sauce: (United States)
2020-07-12,3,sugar free cranberry sauce: (United States)
2020-07-19,3,sugar free cranberry sauce: (United States)
2020-07-26,0,sugar free cranberry sauce: (United States)
2020-08-02,0,sugar free cranberry sauce: (United States)
2020-08-09,0,sugar free cranberry sauce: (United States)
2020-08-16,3,sugar free cranberry sauce: (United States)
2020-08-23,0,sugar free cranberry sauce: (United States)
2020-08-30,0,sugar free cranberry sauce: (United States)
2020-09-06,3,sugar free cranberry sauce: (United States)
2020-09-13,0,sugar free cranberry sauce: (United States)
2020-09-20,0,sugar free cranberry sauce: (United States)
2020-09-27,0,sugar free cranberry sauce: (United States)
2020-10-04,7,sugar free cranberry sauce: (United States)
2020-10-11,0,sugar free cranberry sauce: (United States)
2020-10-18,0,sugar free cranberry sauce: (United States)
2020-10-25,6,sugar free cranberry sauce: (United States)
2020-11-01,7,sugar free cranberry sauce: (United States)
